bw,region,p_value,cramers_v,n_gq,n_nongq,gq_pos_frac,nongq_pos_frac,gq_top3,nongq_top3,in_Flock2017,in_Inoue2019,p_fdr,sig_nominal,sig_fdr
34.50,ICL2,5.6451802135971285e-05,0.4509226894964373,77,105,0.0,0.02857142857142857,P(65)/M(3)/S(2),P(61)/A(35)/S(3),True,True,0.0016371022619431673,True,True
34.51,ICL2,0.022818755960041376,0.3810691996096696,77,105,0.05194805194805195,0.06666666666666667,L(33)/M(10)/F(10),L(29)/V(21)/F(16),True,True,0.07101752340954477,True,False
34.52,ICL2,0.22520308140843867,0.33987997331486197,77,105,0.38961038961038963,0.44761904761904764,R(19)/K(9)/Q(8),R(30)/K(11)/E(8),False,True,0.2968586073111237,False,False
34.53,ICL2,0.0006593278733510974,0.47168882555034114,77,105,0.14285714285714285,0.009523809523809525,A(17)/Y(13)/S(10),Y(47)/A(21)/S(13),True,True,0.004780127081795456,True,True
34.54,ICL2,0.012979363322477785,0.4375994442312375,72,105,0.2916666666666667,0.26666666666666666,R(15)/Q(13)/L(9),L(17)/K(12)/H(10),True,True,0.06273358939197596,True,False
34.55,ICL2,0.28549918076624636,0.33621939790811267,72,103,0.2916666666666667,0.4077669902912621,R(13)/A(10)/N(8),R(32)/T(11)/N(10),True,True,0.35997722792265846,False,False
34.56,ICL2,0.40110242127288137,0.31899101849803163,72,103,0.2638888888888889,0.30097087378640774,L(15)/K(7)/H(7),L(19)/K(15)/R(10),False,False,0.48466542570473164,False,False
34.57,ICL2,0.1323040987103837,0.38344073385809585,62,90,0.43548387096774194,0.4777777777777778,R(25)/V(7)/N(5),R(38)/V(11)/M(9),False,False,0.19184094313005637,False,False
3.49,TM3,0.10767577559089216,0.281857742158265,91,139,0.03296703296703297,0.007194244604316547,D(49)/E(23)/Q(3),D(88)/E(22)/V(10),False,False,0.1796880265026702,False,False
3.50,TM3-DRY,0.20419630014643134,0.17727969429631832,91,139,0.967032967032967,0.8920863309352518,R(85)/E(3)/K(3),R(113)/E(12)/K(11),True,True,0.28198536686888137,False,False
3.51,TM3-DRY,0.05317995464168085,0.28058422567246627,91,139,0.06593406593406594,0.03597122302158273,Y(54)/C(12)/H(6),Y(93)/F(12)/G(11),False,False,0.11015847747205319,False,False
3.53,TM3,0.00039855351246920325,0.4189576446095788,91,139,0.03296703296703297,0.1223021582733813,A(48)/G(14)/V(9),A(56)/S(16)/Y(14),True,True,0.003852683953868965,True,True
3.54,TM3,0.9145019593444882,0.10755988393269376,91,139,0.0,0.0,I(44)/V(33)/L(9),I(70)/V(46)/L(16),True,True,0.9145019593444882,False,False
3.55,TM3,0.06812597673265071,0.32184909567407965,91,139,0.0989010989010989,0.1510791366906475,V(27)/C(14)/T(11),V(40)/T(20)/C(15),False,True,0.1317102216831247,False,False
3.56,TM3,0.09115266529155178,0.3232282872307098,91,138,0.6483516483516484,0.5144927536231884,H(30)/R(20)/K(9),H(40)/R(21)/Y(15),False,True,0.1652142058409376,False,False
5.61,TM5,0.4734054696112392,0.21514091418156187,91,139,0.0,0.014388489208633094,I(54)/T(10)/V(9),I(84)/V(15)/T(13),False,True,0.5491503447490375,False,False
5.64,TM5,0.042445139050086365,0.35652758754383274,89,133,0.2696629213483146,0.19548872180451127,T(15)/R(13)/E(12),T(23)/I(18)/A(16),False,True,0.10257575270437537,True,False
5.65,TM5,0.00017078698233509803,0.37504494925680465,88,129,0.022727272727272728,0.015503875968992248,L(55)/V(8)/I(8),L(63)/A(30)/I(15),True,True,0.0024764112438589213,True,True
5.67,TM5,0.8183635200982182,0.23375183154612975,87,127,0.4367816091954023,0.4015748031496063,R(20)/K(15)/S(9),R(30)/S(17)/Q(16),False,True,0.8475907886731546,False,False
5.68,TM5,0.019532854614513692,0.4047203304114084,78,120,0.38461538461538464,0.38333333333333336,R(17)/K(12)/S(11),R(22)/A(15)/S(14),True,True,0.07101752340954477,True,False
5.69,TM5,0.02334921621560644,0.4602823398657326,62,88,0.1774193548387097,0.14772727272727273,A(11)/T(7)/R(7),L(21)/A(16)/R(9),False,False,0.07101752340954477,True,False
5.71,TM5,0.006421152572128832,0.4981238650784745,54,75,0.14814814814814814,0.4266666666666667,P(11)/G(6)/Q(6),R(17)/K(15)/Q(12),False,False,0.03724268491834722,True,True
6.32,TM6,0.5909104620155203,0.21476566532203253,89,134,0.7640449438202247,0.7761194029850746,K(35)/R(31)/E(6),K(60)/R(42)/Q(6),False,True,0.6346816073500032,False,False
6.33,TM6,0.024488801175705094,0.36434317299838903,91,137,0.01098901098901099,0.029197080291970802,A(24)/T(17)/V(16),A(43)/V(24)/I(13),True,True,0.07101752340954477,True,False
6.36,TM6,0.05200869230941665,0.33716184835379664,91,139,0.02197802197802198,0.09352517985611511,T(21)/L(20)/M(20),T(30)/M(25)/L(20),False,True,0.11015847747205319,False,False
6.37,TM6,0.11153049920855392,0.29034387655972743,91,139,0.06593406593406594,0.14388489208633093,L(32)/V(23)/I(9),L(45)/V(30)/I(26),False,False,0.1796880265026702,False,False
8.47,H8,0.5620681378090805,0.24624272076157022,85,138,0.08235294117647059,0.057971014492753624,S(29)/N(18)/G(14),N(47)/S(29)/G(22),False,False,0.6269221537101283,False,False
8.48,H8,0.12796586957694606,0.32523933137631217,86,138,0.46511627906976744,0.2971014492753623,K(25)/R(13)/G(8),K(22)/E(21)/Q(18),False,False,0.19184094313005637,False,False
8.49,H8,0.02891645488477981,0.3555909036828851,86,138,0.3023255813953488,0.21739130434782608,N(13)/E(12)/R(11),E(28)/N(27)/D(19),False,False,0.07623429015078313,True,False
