g_protein,bw_site,chi2,p_value,fdr,cramers_v,significant
Gq/11,34.50,41.64,1.87e-05,5.42e-04,0.423,True
Gq/11,34.51,30.80,9.35e-03,3.88e-02,0.364,True
Gq/11,34.52,25.25,1.18e-01,1.80e-01,0.329,False
Gq/11,34.53,45.22,2.26e-04,2.18e-03,0.441,True
Gq/11,34.54,35.18,1.33e-02,4.82e-02,0.389,True
Gq/11,34.55,21.41,2.59e-01,3.27e-01,0.303,False
Gq/11,34.56,19.40,3.67e-01,4.11e-01,0.289,False
Gq/11,34.57,23.23,1.42e-01,1.96e-01,0.316,False
Gq/11,3.49,20.30,8.79e-02,1.47e-01,0.295,False
Gq/11,3.50,9.21,1.62e-01,2.14e-01,0.199,False
Gq/11,3.51,20.14,4.35e-02,1.03e-01,0.294,False
Gq/11,3.53,42.50,3.32e-04,2.41e-03,0.427,True
Gq/11,3.54,4.62,7.97e-01,7.97e-01,0.141,False
Gq/11,3.55,25.88,5.57e-02,1.10e-01,0.333,False
Gq/11,3.56,26.68,6.30e-02,1.14e-01,0.338,False
Gq/11,5.61,14.20,2.88e-01,3.48e-01,0.247,False
Gq/11,5.64,29.18,4.62e-02,1.03e-01,0.354,False
Gq/11,5.65,34.84,6.35e-05,9.21e-04,0.387,True
Gq/11,5.67,16.19,5.79e-01,6.00e-01,0.264,False
Gq/11,5.68,39.69,3.60e-03,2.09e-02,0.413,True
Gq/11,5.69,28.36,5.68e-02,1.10e-01,0.349,False
Gq/11,5.71,33.43,6.47e-03,3.13e-02,0.379,True
Gq/11,6.32,13.01,3.69e-01,4.11e-01,0.236,False
Gq/11,6.33,28.01,4.48e-02,1.03e-01,0.347,False
Gq/11,6.36,28.21,4.25e-02,1.03e-01,0.348,False
Gq/11,6.37,21.43,9.12e-02,1.47e-01,0.303,False
Gq/11,8.47,15.33,5.01e-01,5.38e-01,0.256,False
Gq/11,8.48,24.62,1.36e-01,1.96e-01,0.325,False
Gq/11,8.49,29.22,3.26e-02,1.03e-01,0.354,False
Gs,34.50,11.43,4.08e-01,4.08e-01,0.221,False
Gs,34.51,41.20,2.98e-04,4.80e-04,0.421,True
Gs,34.52,33.41,1.49e-02,2.06e-02,0.379,True
Gs,34.53,35.09,6.05e-03,9.23e-03,0.388,True
Gs,34.54,26.61,1.14e-01,1.32e-01,0.338,False
Gs,34.55,20.87,2.86e-01,2.96e-01,0.299,False
Gs,34.56,28.19,5.92e-02,7.46e-02,0.348,False
Gs,34.57,58.48,1.87e-06,4.51e-06,0.501,True
Gs,3.49,46.21,1.31e-05,2.72e-05,0.445,True
Gs,3.50,66.90,1.76e-12,5.12e-11,0.536,True
Gs,3.51,67.46,3.71e-10,5.38e-09,0.538,True
Gs,3.53,67.71,2.50e-08,9.08e-08,0.539,True
Gs,3.54,56.27,2.50e-09,1.72e-08,0.491,True
Gs,3.55,72.81,3.20e-09,1.72e-08,0.559,True
Gs,3.56,73.77,4.80e-09,1.99e-08,0.563,True
Gs,5.61,50.42,1.18e-06,3.10e-06,0.465,True
Gs,5.64,21.32,2.64e-01,2.83e-01,0.302,False
Gs,5.65,40.00,7.61e-06,1.70e-05,0.414,True
Gs,5.67,26.03,9.91e-02,1.20e-01,0.334,False
Gs,5.68,50.26,1.20e-04,2.17e-04,0.464,True
Gs,5.69,29.85,3.90e-02,5.14e-02,0.358,False
Gs,5.71,22.72,1.21e-01,1.35e-01,0.312,False
Gs,6.32,36.73,2.47e-04,4.22e-04,0.397,True
Gs,6.33,74.50,3.57e-09,1.72e-08,0.565,True
Gs,6.36,68.16,4.46e-08,1.44e-07,0.541,True
Gs,6.37,56.08,5.64e-07,1.64e-06,0.491,True
Gs,8.47,47.94,4.86e-05,9.40e-05,0.454,True
Gs,8.48,34.44,1.11e-02,1.61e-02,0.384,True
Gs,8.49,75.15,2.75e-09,1.72e-08,0.568,True
Gi/o,34.50,19.98,4.57e-02,6.62e-02,0.293,False
Gi/o,34.51,65.41,2.90e-08,8.40e-07,0.530,True
Gi/o,34.52,44.03,5.71e-04,2.76e-03,0.435,True
Gi/o,34.53,26.76,6.17e-02,7.78e-02,0.339,False
Gi/o,34.54,29.58,5.74e-02,7.66e-02,0.356,False
Gi/o,34.55,41.27,1.40e-03,4.51e-03,0.421,True
Gi/o,34.56,22.81,1.98e-01,1.98e-01,0.313,False
Gi/o,34.57,49.67,4.75e-05,3.44e-04,0.462,True
Gi/o,3.49,26.07,1.67e-02,3.02e-02,0.334,True
Gi/o,3.50,20.42,2.33e-03,6.75e-03,0.296,True
Gi/o,3.51,23.59,1.46e-02,2.82e-02,0.318,True
Gi/o,3.53,48.82,3.53e-05,3.41e-04,0.458,True
Gi/o,3.54,36.70,1.31e-05,1.90e-04,0.397,True
Gi/o,3.55,24.38,8.15e-02,9.45e-02,0.323,False
Gi/o,3.56,32.56,1.28e-02,2.65e-02,0.374,True
Gi/o,5.61,25.83,1.13e-02,2.53e-02,0.333,True
Gi/o,5.64,26.16,9.61e-02,1.07e-01,0.335,False
Gi/o,5.65,16.45,5.81e-02,7.66e-02,0.266,False
Gi/o,5.67,22.81,1.98e-01,1.98e-01,0.313,False
Gi/o,5.68,43.46,1.12e-03,4.06e-03,0.432,True
Gi/o,5.69,24.41,1.42e-01,1.53e-01,0.324,False
Gi/o,5.71,27.60,3.53e-02,5.46e-02,0.344,False
Gi/o,6.32,19.88,6.94e-02,8.38e-02,0.292,False
Gi/o,6.33,36.50,3.93e-03,9.50e-03,0.396,True
Gi/o,6.36,28.87,3.58e-02,5.46e-02,0.352,False
Gi/o,6.37,32.46,3.44e-03,9.07e-03,0.373,True
Gi/o,8.47,29.88,1.86e-02,3.18e-02,0.358,True
Gi/o,8.48,42.55,9.27e-04,3.84e-03,0.427,True
Gi/o,8.49,42.91,4.95e-04,2.76e-03,0.429,True
G12/13,34.50,29.80,1.70e-03,1.24e-02,0.358,True
G12/13,34.51,21.79,1.13e-01,3.29e-01,0.306,False
G12/13,34.52,19.86,3.41e-01,8.06e-01,0.292,False
G12/13,34.53,27.72,4.84e-02,1.56e-01,0.345,False
G12/13,34.54,20.57,3.61e-01,8.06e-01,0.297,False
G12/13,34.55,32.75,1.79e-02,6.48e-02,0.375,False
G12/13,34.56,70.89,3.20e-08,4.64e-07,0.552,True
G12/13,34.57,5.13,9.97e-01,1.00e+00,0.148,False
G12/13,3.49,1.14,1.00e+00,1.00e+00,0.070,False
G12/13,3.50,0.72,9.94e-01,1.00e+00,0.056,False
G12/13,3.51,15.67,1.54e-01,4.06e-01,0.259,False
G12/13,3.53,5.05,9.96e-01,1.00e+00,0.147,False
G12/13,3.54,4.25,8.34e-01,1.00e+00,0.135,False
G12/13,3.55,8.88,9.18e-01,1.00e+00,0.195,False
G12/13,3.56,10.67,8.73e-01,1.00e+00,0.214,False
G12/13,5.61,26.04,1.06e-02,6.15e-02,0.334,False
G12/13,5.64,9.89,9.35e-01,1.00e+00,0.206,False
G12/13,5.65,3.18,9.57e-01,1.00e+00,0.117,False
G12/13,5.67,11.60,8.67e-01,1.00e+00,0.223,False
G12/13,5.68,15.89,6.65e-01,1.00e+00,0.261,False
G12/13,5.69,5.19,9.99e-01,1.00e+00,0.149,False
G12/13,5.71,30.37,1.62e-02,6.48e-02,0.361,False
G12/13,6.32,37.96,1.56e-04,1.50e-03,0.404,True
G12/13,6.33,32.44,1.32e-02,6.40e-02,0.373,False
G12/13,6.36,5.28,9.97e-01,1.00e+00,0.151,False
G12/13,6.37,4.59,9.91e-01,1.00e+00,0.140,False
G12/13,8.47,71.14,6.30e-09,1.83e-07,0.553,True
G12/13,8.48,5.98,9.96e-01,1.00e+00,0.160,False
G12/13,8.49,13.52,7.01e-01,1.00e+00,0.241,False
