feature,readable_name,mean_abs_shap,mean_shap_gq,mean_shap_nongq
34.53_is_arom,BW 34.53 (aromatic),0.026059577616991004,0.010457740378967857,-0.014967716698036749
34.53_is_hydro,BW 34.53 (hydrophobic),0.021270675630665474,0.008260551286771268,-0.012708400890554312
34.51_is_hydro,BW 34.51 (hydrophobic),0.02018578602667475,0.006984973799538403,-0.00952024861756785
5.71_is_pos,BW 5.71 (positive),0.018950308351905986,0.008856170016613377,-0.007851691605370062
3.51_is_arom,BW 3.51 (aromatic),0.017637371623250478,0.006435809242873706,-0.008439984038141906
8.48_is_hydro,BW 8.48 (hydrophobic),0.017581816740555464,0.007706548008956831,-0.006868518639183893
5.71_is_hydro,BW 5.71 (hydrophobic),0.013707608253326802,0.006224048510660086,-0.007154937187611803
5.68_is_hydro,BW 5.68 (hydrophobic),0.013239773748968595,0.005340481155220641,-0.005561915355025135
5.69_is_hydro,BW 5.69 (hydrophobic),0.012646510279859162,0.006076287163795239,-0.005663563909465771
34.53_is_pos,BW 34.53 (positive),0.012347114581023432,0.005566383423881745,-0.008088719752653134
8.48_is_pos,BW 8.48 (positive),0.01145997729559895,0.0039442873044880705,-0.005956933825994251
3.56_is_pos,BW 3.56 (positive),0.011265763137305982,0.005204561662195879,-0.005955399738869478
3.53_is_hydro,BW 3.53 (hydrophobic),0.010361332540099844,0.005823536256296829,-0.00656758268311353
3.55_is_hydro,BW 3.55 (hydrophobic),0.009530824559099895,0.004829977337106613,-0.004818637261609607
5.64_is_neg,BW 5.64 (negative),0.009483345477273879,0.0033389018588515073,-0.00525609754073159
34.55_is_pos,BW 34.55 (positive),0.009338083627236241,0.003628840386595891,-0.0042344527902310625
3.53_is_pos,BW 3.53 (positive),0.00907914867734894,0.005355208671288005,-0.003655378129935183
34.54_is_hydro,BW 34.54 (hydrophobic),0.008843633190310063,0.005887820176315032,-0.006302010061797078
6.33_is_hydro,BW 6.33 (hydrophobic),0.008771217364134542,0.0022431401798819303,-0.003969699676989883
8.49_is_neg,BW 8.49 (negative),0.008725117254764686,0.005261474254459465,-0.005687399887891859
5.71_is_gap,BW 5.71 (gap),0.00729992544407815,0.004369648498584974,-0.004624306926336324
5.64_is_hydro,BW 5.64 (hydrophobic),0.0072899164605963115,0.004194212159411917,-0.004545903927985516
3.49_is_neg,BW 3.49 (negative),0.00726346583725712,0.0029934191960671462,-0.0030573139385594583
8.48_is_neg,BW 8.48 (negative),0.00711764907293674,0.004097678119951113,-0.0027295530552660296
5.69_is_gap,BW 5.69 (gap),0.0062834343002361875,0.0038520101881235128,-0.0035866283639333974
8.49_is_pos,BW 8.49 (positive),0.005949740452229503,0.0039522059185670986,-0.004730058178430946
34.50_is_hydro,BW 34.50 (hydrophobic),0.00592079946832925,0.0029123312935607814,-0.0030997151908898316
34.50_is_gap,BW 34.50 (gap),0.005050655019408046,0.0025939075272419427,-0.0021820678673821147
34.55_is_hydro,BW 34.55 (hydrophobic),0.004942801192872558,0.001535954676007446,-0.002517322859395934
34.57_is_pos,BW 34.57 (positive),0.004830761086501115,0.002921222922035878,-0.0028697484662661005
6.36_is_hydro,BW 6.36 (hydrophobic),0.004577130706967514,0.0036125670954995845,-0.0036627669591877813
5.64_is_pos,BW 5.64 (positive),0.004302711867968055,0.0019205740323996144,-0.002853842372411431
6.36_is_pos,BW 6.36 (positive),0.00429384644451862,0.0019265302436869108,-0.0016803276949297495
8.47_is_gap,BW 8.47 (gap),0.003916472137591164,0.0008546539575440935,-0.0027022064057043655
34.53_is_gap,BW 34.53 (gap),0.0038892228161400318,0.001528561510463467,-0.0018110799001301544
3.56_is_hydro,BW 3.56 (hydrophobic),0.0038679961113008776,0.0009550984700355417,-0.0022491875516916678
5.65_is_hydro,BW 5.65 (hydrophobic),0.0036320898919695184,0.0009728049247840547,-0.0017773214555443998
34.51_is_arom,BW 34.51 (aromatic),0.0036093027182222785,0.0015219807083508448,-0.001495751118964377
34.56_is_hydro,BW 34.56 (hydrophobic),0.003576487497430341,0.0015392460345492489,-0.0026317523664886404
34.52_is_arom,BW 34.52 (aromatic),0.0035381743779974635,0.0019548210698276574,-0.0015456477211253157
34.51_is_gap,BW 34.51 (gap),0.00349365577503186,0.0016160433219892017,-0.0014275548407231568
3.56_is_arom,BW 3.56 (aromatic),0.0034931747138431885,0.0008616890003034866,-0.0028144911323259554
34.52_is_hydro,BW 34.52 (hydrophobic),0.003371353030459566,0.002196796801055022,-0.0021101011490952514
34.52_is_gap,BW 34.52 (gap),0.0032055982634595164,0.001396233908001159,-0.0013584305981445383
5.67_is_pos,BW 5.67 (positive),0.003131413682983402,0.00127729004893057,-0.0032007779632942566
3.50_is_pos,BW 3.50 (positive),0.003014739647057388,0.0017589335520209232,-0.0007384538132909037
3.51_is_hydro,BW 3.51 (hydrophobic),0.0028405621744501818,0.0014522323703626803,-0.0016748174342800335
5.69_is_neg,BW 5.69 (negative),0.002742592556192048,0.00033748273291863936,-0.001801438996813125
5.68_is_gap,BW 5.68 (gap),0.0027129928806707234,0.001163773917610634,-0.0013739872184107848
6.37_is_hydro,BW 6.37 (hydrophobic),0.0027001618239118866,0.0007484605253116535,-0.0014280168327039547
34.56_is_pos,BW 34.56 (positive),0.002592637584144916,0.0015610693840237182,-0.0015680568162104057
5.61_is_hydro,BW 5.61 (hydrophobic),0.0025544893872958595,0.0007330814848562156,-0.001301140070236886
34.52_is_pos,BW 34.52 (positive),0.002550588441798015,0.0012325451633835327,-0.0027236141090846992
5.67_is_hydro,BW 5.67 (hydrophobic),0.0024640682905309715,0.0015532131654480102,-0.002176128009495241
34.54_is_pos,BW 34.54 (positive),0.0023705660532871526,0.0013839007490050132,-0.002298979867584968
5.68_is_pos,BW 5.68 (positive),0.0022694621818205077,0.001269591028523198,-0.0019605385952606723
34.57_is_gap,BW 34.57 (gap),0.002239697137758352,0.0018657427160103798,-0.001827012088194049
34.57_is_hydro,BW 34.57 (hydrophobic),0.002224982032596869,0.0016355810393228227,-0.0018844024619782142
5.71_is_neg,BW 5.71 (negative),0.002220951280415345,-7.974937442834121e-05,-0.0015480765526753116
6.32_is_pos,BW 6.32 (positive),0.0021536844257643555,0.0016086837745025173,-0.0017532620675642975
34.56_is_arom,BW 34.56 (aromatic),0.0021249796070929193,0.0012919581038148649,-0.0018306133785969871
34.55_is_neg,BW 34.55 (negative),0.002060670813145441,0.001294188539639201,-0.00018526955117538526
8.49_is_gap,BW 8.49 (gap),0.0020457160755588343,0.0002885445751599544,-0.0014373126804474274
8.49_is_hydro,BW 8.49 (hydrophobic),0.0020379722009466715,0.00033663118041135713,-0.0011728856922917986
8.48_is_gap,BW 8.48 (gap),0.0019305133581030923,0.00041475045966887086,-0.0013192304944055501
3.53_is_arom,BW 3.53 (aromatic),0.0019104944096895017,0.0009330188118241914,-0.0009153802169957337
6.37_is_pos,BW 6.37 (positive),0.0018650665607365107,0.0009743419379671782,-0.0010319177482085982
8.47_is_neg,BW 8.47 (negative),0.001732058286559823,0.0009470755212288251,-0.0015648502148461613
3.51_is_pos,BW 3.51 (positive),0.0016323591650785317,0.0009443441935407343,-0.0015178015042140876
34.54_is_arom,BW 34.54 (aromatic),0.0015647117475359475,0.0006851422635690845,-0.0004738393736545071
34.55_is_gap,BW 34.55 (gap),0.0014966318076263718,0.00128177415448899,-0.0010282833217929745
5.68_is_neg,BW 5.68 (negative),0.001489329203575349,0.0002931053967043301,-0.0011628526421732694
6.33_is_arom,BW 6.33 (aromatic),0.0014705286738038333,0.0006739452992077982,-0.00017723509360397934
34.54_is_gap,BW 34.54 (gap),0.0014433167826178536,0.0010487622603441056,-0.0007675865820348622
6.36_is_arom,BW 6.36 (aromatic),0.0013954888088622234,0.0008033864997404737,-3.0268124540220126e-05
5.67_is_gap,BW 5.67 (gap),0.0013229999092051277,0.0006159115002786403,-0.0003629551496425935
3.49_is_pos,BW 3.49 (positive),0.0013157546995510702,-3.795492260482789e-06,-0.0009447342148333299
3.56_is_neg,BW 3.56 (negative),0.0012661384790165627,0.0007894316800709774,-4.894657020177663e-05
3.55_is_pos,BW 3.55 (positive),0.0012555568068984705,0.0006554092047744232,-0.000937650942304928
5.69_is_pos,BW 5.69 (positive),0.0012458130493905443,0.0007164092898122288,-0.0010331588937951542
34.51_is_pos,BW 34.51 (positive),0.0010995933237250676,0.0007942438566100801,-0.000512120496140942
5.65_is_gap,BW 5.65 (gap),0.0010473190332426236,0.0005082996530810297,-0.0003523005190051796
5.64_is_arom,BW 5.64 (aromatic),0.0010253882186595279,0.000378569498853255,-0.0005830880029634192
34.56_is_gap,BW 34.56 (gap),0.0009885924014554114,0.0008630829514005518,-0.0006501962129506387
6.32_is_neg,BW 6.32 (negative),0.0009829695551991323,0.0005931918204681472,-0.0008202282259488568
3.49_is_hydro,BW 3.49 (hydrophobic),0.0009826955057284036,0.0005864079805544333,-0.0008625592048624292
3.55_is_arom,BW 3.55 (aromatic),0.0009780347747523,0.000501164287050502,-0.0002706832845878257
5.67_is_neg,BW 5.67 (negative),0.0009380806662543962,0.0004975787631479427,-0.0001464970012391341
34.52_is_neg,BW 34.52 (negative),0.0009011075820152041,0.0005920691589260133,-0.0006202769585913964
6.33_is_neg,BW 6.33 (negative),0.0008755797408535328,0.00020101123541436215,-0.0008853621808004237
3.50_is_neg,BW 3.50 (negative),0.0008129677008014501,0.00034697772242507326,-0.0005413053965621312
5.68_is_arom,BW 5.68 (aromatic),0.0006769456845668325,8.385134889633937e-05,-0.0004351475957272121
8.47_is_pos,BW 8.47 (positive),0.0006402309995618498,0.00046837401722738545,-0.0005562013383032726
6.32_is_hydro,BW 6.32 (hydrophobic),0.0005649960596527924,0.000478656388228232,-0.00046709423673139234
3.49_is_arom,BW 3.49 (aromatic),0.0005603138380026245,-8.691427660676327e-05,-0.00048187745614160015
3.54_is_hydro,BW 3.54 (hydrophobic),0.0005140025222407087,2.6126396913180322e-05,-0.0002981616237727602
8.47_is_hydro,BW 8.47 (hydrophobic),0.0004312704572701562,0.00034013777885208695,-0.00031149229998101325
5.69_is_arom,BW 5.69 (aromatic),0.0004166405162011328,0.0002118713767818484,-0.00010329202009080608
5.67_is_arom,BW 5.67 (aromatic),0.0004018455594216943,5.6534417335913946e-05,-0.00039657039746431456
34.50_is_arom,BW 34.50 (aromatic),0.00038792929336379974,-3.047354411597132e-05,-0.0003426770390720685
34.50_is_pos,BW 34.50 (positive),0.0003654386904302886,0.0002715578725578404,-3.0180052333492038e-05
6.37_is_arom,BW 6.37 (aromatic),0.0003377698723932618,0.00026350953057277277,7.282952207211299e-05
5.64_is_gap,BW 5.64 (gap),0.0003013776448544033,0.00017432330732554204,-0.0001155837431439346
6.33_is_pos,BW 6.33 (positive),0.000297249224283005,0.0001908436754829291,-0.00017226672986592607
34.57_is_arom,BW 34.57 (aromatic),0.000258385268677561,0.00015692363213505215,7.4137572925045e-05
6.32_is_gap,BW 6.32 (gap),0.00025501357264886984,0.00010877691602782547,-0.00026561704421824625
34.53_is_neg,BW 34.53 (negative),0.000251654580962851,0.00019745613007641203,-1.653719363799088e-05
8.48_is_arom,BW 8.48 (aromatic),0.0002312021961853539,0.00018623556416854273,5.443978214710495e-06
34.54_is_neg,BW 34.54 (negative),0.00023114250573022315,5.139733278474001e-06,-9.849946253277036e-05
5.71_is_arom,BW 5.71 (aromatic),0.00023023826100795395,-6.733327750914922e-05,-0.0001970185218355085
6.33_is_gap,BW 6.33 (gap),0.00017687942024899775,0.00014867107950420952,4.55462710932069e-05
34.55_is_arom,BW 34.55 (aromatic),0.0001378849412192191,5.756399235118305e-05,-0.00011378050393827236
5.65_is_pos,BW 5.65 (positive),0.000129252342140227,3.8600646396860696e-05,-0.00011050964389198663
8.49_is_arom,BW 8.49 (aromatic),7.665291894159559e-05,5.835303856948824e-05,-5.60611901284602e-06
5.61_is_pos,BW 5.61 (positive),4.9361690848916916e-05,4.039335524723836e-05,3.113437466469409e-07
34.51_is_neg,BW 34.51 (negative),0.0,0.0,0.0
6.37_is_gap,BW 6.37 (gap),0.0,0.0,0.0
3.49_is_gap,BW 3.49 (gap),0.0,0.0,0.0
3.50_is_arom,BW 3.50 (aromatic),0.0,0.0,0.0
34.57_is_neg,BW 34.57 (negative),0.0,0.0,0.0
34.56_is_neg,BW 34.56 (negative),0.0,0.0,0.0
3.50_is_gap,BW 3.50 (gap),0.0,0.0,0.0
3.50_is_hydro,BW 3.50 (hydrophobic),0.0,0.0,0.0
8.47_is_arom,BW 8.47 (aromatic),0.0,0.0,0.0
6.37_is_neg,BW 6.37 (negative),0.0,0.0,0.0
5.61_is_arom,BW 5.61 (aromatic),0.0,0.0,0.0
3.55_is_gap,BW 3.55 (gap),0.0,0.0,0.0
3.51_is_gap,BW 3.51 (gap),0.0,0.0,0.0
6.36_is_neg,BW 6.36 (negative),0.0,0.0,0.0
3.55_is_neg,BW 3.55 (negative),0.0,0.0,0.0
3.54_is_neg,BW 3.54 (negative),0.0,0.0,0.0
3.54_is_gap,BW 3.54 (gap),0.0,0.0,0.0
3.54_is_arom,BW 3.54 (aromatic),0.0,0.0,0.0
3.53_is_neg,BW 3.53 (negative),0.0,0.0,0.0
3.53_is_gap,BW 3.53 (gap),0.0,0.0,0.0
5.65_is_neg,BW 5.65 (negative),0.0,0.0,0.0
5.65_is_arom,BW 5.65 (aromatic),0.0,0.0,0.0
6.32_is_arom,BW 6.32 (aromatic),0.0,0.0,0.0
3.56_is_gap,BW 3.56 (gap),0.0,0.0,0.0
5.61_is_neg,BW 5.61 (negative),0.0,0.0,0.0
34.50_is_neg,BW 34.50 (negative),0.0,0.0,0.0
3.54_is_pos,BW 3.54 (positive),0.0,0.0,0.0
6.36_is_gap,BW 6.36 (gap),0.0,0.0,0.0
3.51_is_neg,BW 3.51 (negative),0.0,0.0,0.0
5.61_is_gap,BW 5.61 (gap),0.0,0.0,0.0
